Name,ID,RA,DEC,Distance (GAIA) (kpc),Distance (GAIA) error (kpc),Distance (StarHorse) (kpc),Distance (StarHorse) error (kpc),RV (literature) (km/s),RV (GAIA) (km/s),pmRA (mas/yr),pmDEC (mas/yr),[Fe/H],c[C/Fe],[Sr/Fe],[Ba/Fe],[Eu/Fe],ul[Fe/H],ulc[C/Fe],ul[Sr/Fe],ul[Ba/Fe],ul[Eu/Fe],CEMP class,CEMP group,Abundance reference,RV reference
52972-1213-507,811812182598263552,09:18:49.9177,+37:44:26.8122,1.767562857,0.178870004,1.68709719,0.27402705,-177,*,-5.857,-33.236,-2.98,2.81,-0.58,1.7,...,,,,,,CEMP-s,I,Yong2013,Carollo; D. 2014
BD+04_2466,3812733079585100032,11:26:49.1912,+03:51:51.7735,1.201920123,0.071135859,1.14289188,0.0814603,33.4,37.48972408,-22.372,-61.185,-1.9,1.34,...,1.63,...,,,,,,CEMP-s,I,Pereira2009,Ishigaki; M.N. 2012
BD+44_493,341511064663637376,02:26:49.7345,+44:57:46.5406,0.207747775,0.002846426,0.20757106,0.003343565,-150.6,-147.9256584,118.359,-32.229,-3.83,1.35,-0.23,-0.6,0.41,,,,,<,CEMP-no,II,Ito2013,Ivanov G. A. 2008
BD-01_2582,3602201479317188864,11:53:37.3161,-02:00:36.6603,0.377818567,0.007335659,0.37848574,0.007485955,2.51,2.505068631,-18.639,-121.692,-2.62,1.02,0.35,1.05,0.36,,,,,,CEMP-s,II,Roederer2014,GAIA DR2
BD-18_5550,6867802519062194560,19:58:49.7268,-18:12:11.1228,0.492170743,0.010027438,0.49260551,0.010233015,-125.08,-125.0765507,11.474,-91.153,-3.2,0.82,-0.95,-0.82,-0.41,,,,,,CEMP-no,II,Roederer2014,GAIA DR2
BS16929-005,1467915131946458496,13:03:29.4742,+33:51:09.1329,2.77252464,0.155033733,2.76802039,0.294165015,-49,*,-10.928,-4.156,-3.34,1.0,...,-0.41,...,,,,,,CEMP-no,II,Yong2013,Carrera; R. 2013
BS17436-058,1503452653427117952,13:36:46.0331,+45:03:08.5395,5.163755025,0.486410293,4.99746799,0.47638464,13,*,-10.252,-4.749,-1.9,1.76,1.17,1.68,1.28,,,,,,CEMP-rs,I,Allen2012,Allende Prieto; C. et. al. 2000
CD-27_14351,6753692930291580928,19:53:08.00,-27:28:14.96,2.402367976,0.216617623,2.37282658,0.21014237,59.7,59.69547673,-2.867,-18.493,-2.62,2.94,1.75,1.78,1.65,,,,,,CEMP-s,I,karinkuzhi2017,GAIA DR2
CD-62_1346,6451102215021927040,21:06:02.9161,-61:33:44.6845,0.699184199,0.013641896,0.7028237,0.01514858,125.77,125.772221,-15.073,-102.814,-1.57,1.04,...,1.51,...,,,,,,CEMP-s,I,Pereira2012,GAIA DR2
CS22185-007,5154949976364118400,03:17:36.0427,-15:17:22.8142,3.371084895,0.284478889,3.36376739,0.326902505,105,*,15.927,-6.963,-3.06,0.74,-0.75,-0.96,-0.26,,,,,,CEMP-no,II,Roederer2014,Beers; T. C. 1995
CS22189-009,5170309947645049728,02:41:42.3846,-13:28:10.5031,5.303206298,0.859077732,5.96806049,1.87023163,-42,*,3.351,-4.588,-3.92,1.0,-0.89,-1.52,0.32,,,,,<,CEMP-no,II,Roederer2014,Beers; T. C. 1995
CS22873-128,6444439621234360704,20:07:03.791,-58:34:57.4863,2.629263043,0.216111717,2.86788893,0.286846995,207.15,207.1480128,-0.016,-5.317,-3.32,0.79,-0.42,-1.37,-0.26,,,,,<,CEMP-no,II,Roederer2014,GAIA DR2
CS22874-123,6230174732312498176,14:48:57.7379,-24:21:15.4021,1.183519857,0.084610956,1.16209292,0.17160869,95,*,-12.302,-31.524,-2.79,0.72,0.2,-0.13,1.41,,,,,<,CEMP-no,II,Roederer2014,Beers; T. C. 1995
CS22877-001,3621673727165280384,13:13:55.3743,-12:11:41.7333,2.03701955,0.161320978,2.07886076,0.158287885,167.23,167.2299326,-16.203,-22.184,-3.31,1.55,-0.16,-0.5,0.03,,,,,,CEMP-no,II,Roederer2014,Beers; T. C. 1995
CS22879-029,6682031714490444800,20:38:51.8079,-38:36:46.7973,1.114316591,0.042189659,1.10329211,0.071332215,-161,*,22.393,-48.334,-2.55,1.46,0.99,1.39,0.59,,,,,,CEMP-s,I,Roederer2014,Beers; T. C. 1995
CS22880-074,6857039159217958144,20:46:03.2162,-20:59:14.1952,0.889461962,0.026295447,0.88187981,0.044762075,97,*,9.323,-61.977,-2.29,1.3,0.24,1.31,0.54,,,,,,CEMP-s,I,Yong2013,Beers; T. C. 1995
CS22881-036,6573119177885573504,22:07:58.4484,-40:44:16.4725,0.707890618,0.012198931,0.7093792,0.02011022,50,*,34.145,-89.608,-2.34,1.96,1.03,2.0,0.55,,,,,,CEMP-s,I,Roederer2014,Beers; T. C. 1995
CS22882-012,2322330671404208128,00:30:22.5167,-27:35:27.2094,1.529138253,0.122604297,1.48302305,0.19776338,10,*,33.349,-17.802,-2.76,1.11,0.57,0.62,1.24,,,,,<,CEMP-no,II,Roederer2014,Beers; T. C. 1995
CS22885-096,6692925538259931136,20:20:51.1567,-39:53:30.2503,4.449177345,0.489640847,4.1047411,0.920699835,-249.1,*,-4.434,-6.91,-4.41,1.27,-1.75,-1.64,0.68,,,,,<,CEMP-no,II,Roederer2014,Roederer2014
CS22887-048,2604742840043317760,22:46:44.6152,-11:08:42.5354,0.875811433,0.044204338,0.86547452,0.06368402,-84,*,-30.53,-88.854,-1.7,1.98,1.1,1.95,1.48,,,,,,CEMP-rs,I,Allen2012,Beers; T. C. 1995
CS22888-031,6553564535381928320,23:11:32.4801,-35:26:42.8826,0.887419757,0.026777694,0.8796345,0.05455041,-126,*,56.625,-27.42,-3.71,0.92,-0.31,-0.41,1.79,,,,<,<,CEMP-no,II,Roederer2014,Beers; T. C. 1995
CS22891-171,6446627958611687424,19:28:04.0194,-59:24:26.455,5.110019555,0.633486878,5.80711603,0.871705055,39,*,0.618,-11.558,-2.25,1.68,...,2.48,...,,,,,,CEMP-s,I,Allen2012,Beers; T. C. 1992
CS22891-200,6445220927325014016,19:35:19.0624,-61:42:24.5422,5.971364681,1.220153945,5.47158384,1.67769933,137.7,*,-5.024,0.754,-4.06,1.21,-1.18,-0.75,0.11,,,,,,CEMP-no,II,Roederer2014,Hollek; J. 2011
CS22892-052,6826025986350385280,22:17:01.648,-16:39:27.125,4.153382404,0.758396753,3.65317512,1.17838132,13,*,12.321,-6.493,-3.24,1.56,0.76,1.03,1.44,,,,,,CEMP-no,II/III,Roederer2014,Carollo; D. 2014
CS22896-110,6645203744317443968,19:35:48.021,-53:26:16.2683,5.812367339,1.299615766,4.92345858,0.999172685,77,*,-5.478,-9.139,-2.85,0.82,0.03,-0.59,0.04,,,,,,CEMP-no,II,Roederer2014,Beers; T. C. 1995
CS22897-008,6449369934453211264,21:03:11.874,-65:05:08.795,4.769053237,0.447260234,4.73093224,0.71897316,260,*,-1.676,-6.285,-3.83,1.32,0.67,-1.17,-0.03,,,,,,CEMP-no,II,Roederer2014,Beers; T. C. 1992
CS22898-027,6833621515754973952,21:05:45.0882,-18:36:57.4749,0.583437443,0.023757274,0.58374804,0.033608615,-64,*,-8.213,-78.758,-2.26,2.2,0.98,2.23,2.01,,,,,,CEMP-rs,I,Masseron2012,Beers; T. C. 1992
CS22942-019,2344587054493724288,00:57:18.1352,-25:26:09.6946,1.741538576,0.134224146,1.74882841,0.27020204,-236.74,-236.7381031,10.907,0.733,-2.64,2.02,1.5,1.92,0.79,,,,,,CEMP-s,I,Aoki2002,GAIA DR2
CS22945-024,6390096289095592704,23:36:42.4849,-65:35:43.5617,2.532360804,0.106766342,2.62122083,0.149549005,143,*,22.479,-9.699,-2.58,2.32,0.29,1.43,0.44,,,,,,CEMP-s,I,Roederer2014,Beers; T. C. 1995
CS22947-187,6663163201607650688,19:18:31.6159,-47:13:31.0461,5.574532661,1.252213525,4.63567686,1.52145982,-252.29,-252.2860171,7.732,-20.136,-2.58,1.51,0.29,1.53,0.55,,,,,,CEMP-s,I,Roederer2014,GAIA DR2
CS22948-027,6585479578366156672,21:37:45.7729,-39:27:22.3214,2.925127468,0.461548516,2.73749518,0.62294674,-65.65,-65.65446069,1.927,-31.121,-2.57,2.14,0.95,1.85,1.87,,,,,,CEMP-r2,,Masseron2012,GAIA DR2
CS22949-008a,2637123015099874176,23:16:58.7349,-03:20:52.5215,0.907903146,0.038982624,0.89837235,0.06422803,-149,*,18.249,-9.348,-2.09,1.55,...,1.32,...,,,,,,CEMP-s,I,Masseron2012,Beers; T. C. 2000
CS22949-037,2634585342263017984,23:26:29.7968,-02:39:57.8593,17.31072409,10.7449527,7.98084068,2.334965705,-125.4,*,1.742,-1.831,-4.38,1.92,0.49,-0.6,0.69,,,,,<,CEMP-no,II,Roederer2014,Roederer2014
CS22949-048,2632781348624598784,23:26:07.4118,-05:50:06.6536,4.042174808,0.60528882,4.04666615,1.25376105,-160.8,*,4.826,-3.249,-3.55,0.93,-1.2,-1.45,-0.1,,,,,<,CEMP-no,II,Roederer2014,Roederer2014
CS22950-046,6876806419780834048,20:21:28.3937,-13:16:33.6757,8.869777882,2.128051775,7.3908267,2.306051015,106.7,*,1.57,-1.815,-4.12,1.3,0.1,-1.01,0.23,,,,,<,CEMP-no,II,Roederer2014,Carollo; D. 2014
CS22953-037,4716937597925985152,01:25:06.6464,-59:16:00.7398,0.805854224,0.01098222,0.80745119,0.01799369,-153,*,67.866,35.624,-3.21,1.0,-1.67,-0.72,1.4,,,,<,<,CEMP-no,II,Roederer2014,Beers; T. C. 1995
CS22955-174,6806586625070080768,20:42:05.0461,-23:49:12.7059,4.604333341,0.56169741,5.93867636,1.30883765,8,*,-5.671,-7.395,-3.1,1.04,0.4,-0.23,0.35,,,,,,CEMP-r1,,Roederer2014,Beers; T. C. 1995
CS22956-028,6402817333686791296,21:44:48.7005,-63:22:09.7388,0.668862422,0.011169197,0.6697318,0.01567122,14,*,66.113,-83.815,-2.08,1.86,1.48,0.32,...,,,,,,CEMP-s,I,Sneden2003,Beers; T. C. 1992
CS22956-050,6399358510623784192,21:58:05.8243,-65:13:27.1864,5.683894226,0.748963901,5.83403635,1.44274068,-36.9,*,-1.39,-6.071,-3.67,0.98,-0.44,-0.9,-0.09,,,,,<,CEMP-no,II,Roederer2014,Jacobson; H. R. 2015
CS22957-013,2446067373532883712,23:55:49.0549,-05:22:53.011,8.845909906,2.753737622,6.84860516,2.035310265,-213.5,*,1.753,-11.887,-2.98,0.72,-0.42,-0.83,-0.31,,,,,,CEMP-no,II,Roederer2014,Barklem; P.S. 2005
CS22957-027,2447834632315747840,23:59:13.1428,-03:53:48.3889,3.535817855,0.531337251,3.81890869,1.03939009,-61.5,*,5.134,-24.651,-3.19,2.63,-0.56,-0.81,1.07,,,,,<,CEMP-no,I,Roederer2014,Carollo; D. 2014
CS22958-042,4718427642340545408,02:01:07.4431,-57:16:58.9436,1.015098545,0.03862869,1.02330828,0.067911385,151,*,36.367,-25.002,-3.4,2.56,0.08,-0.61,1.54,,,,<,<,CEMP-no,I,Roederer2014,Beers; T. C. 2000
CS22958-083,4743992799514732800,02:15:42.7295,-53:59:56.2662,3.637316368,0.222007728,3.6795156,0.456382395,175.6,*,-6.687,-6.032,-3.05,0.71,-0.14,-0.99,-0.11,,,,,<,CEMP-no,II,Roederer2014,Barklem; P.S. 2005
CS22960-048,6567131271918958720,22:17:01.5714,-45:12:16.9176,4.384552709,0.662123721,5.09289885,1.938929795,-85,*,-2.654,-15.949,-3.91,0.93,-2.0,-1.59,0.55,,,,,<,CEMP-no,II,Roederer2014,Beers; T. C. 2000
CS22960-053,6567346466961166208,22:16:17.0785,-43:54:19.8239,14.48590029,7.11396636,8.29919243,2.65280676,298,*,6.806,-0.491,-3.64,1.64,-0.01,1.03,0.7,,,,,<,CEMP-s,II,Roederer2014,Beers; T. C. 1992
CS22964-161a,6690848870033273728,20:03:25.5292,-38:38:35.4402,1.58031321,0.061687999,1.56846464,0.11975485,40,*,-25.895,-45.738,-2.37,1.58,0.55,1.36,...,,,,,,CEMP-s,I,Thompson2008,Beers; T. C. 1995
CS22964-183,6687567446299483520,20:01:12.7774,-40:49:09.8493,1.62626679,0.07719885,1.65503561,0.10678244,97,*,-3.121,-37.399,-3.01,0.83,-1.06,-0.92,1.24,,,,,<,CEMP-no,II,Roederer2014,Beers; T. C. 1995
CS22964-214,6687750858583258496,20:05:50.0021,-39:27:43.1716,0.792438779,0.017657754,0.79520738,0.027990045,43,*,15.157,-101.231,-2.95,0.73,-0.14,-0.43,1.24,,,,,<,CEMP-no,II,Roederer2014,Beers; T. C. 1995
CS22965-054,2676443097097288704,22:06:30.304,-02:32:34.4776,1.420471904,0.112858257,1.3474685,0.23583984,-281.9,*,27.324,0.947,-3.17,1.02,0.39,-0.5,1.73,,,,<,<,CEMP-no,II,Roederer2014,Roederer2014
CS29493-050,6617263981327292672,21:49:26.6556,-29:45:24.9656,1.017731731,0.028509471,1.03121257,0.04510224,-95,*,-25.078,-71.862,-2.92,0.84,0.17,-0.69,1.36,,,,,<,CEMP-no,II,Roederer2014,Beers; T. C. 1995
CS29495-42,6810588984830899968,21:39:11.4043,-28:17:54.397,4.662931898,0.782758162,4.83555889,0.667203425,-80,*,6.963,0.333,-1.84,1.43,0.2,1.77,0.8,,,,,,CEMP-s,I,Lucatello2004,Beers; T. C. 1992
CS29497-034,2343863021791098624,00:41:39.818,-26:18:54.4845,3.954392943,0.829643997,3.36125875,0.850382445,-42.97,-42.97399411,18.876,-24.99,-3.0,2.76,1.05,2.28,1.79,,,,,,CEMP-rs,I,Yong2013,GAIA DR2
CS29498-043,6788448668941293952,21:03:52.1026,-29:42:50.1624,9.496593048,2.611960798,6.93283653,2.23981953,-32.6,*,-3.18,-4.863,-3.87,3.06,0.1,-0.49,0.23,,,,,<,CEMP-no,I,Roederer2014,Carollo; D. 2014
CS29502-092,2629500925618285952,22:22:35.997,-01:38:27.5731,1.352919234,0.086953195,1.41973579,0.13318509,-65.84,-65.84389668,12.624,-67.403,-3.3,1.46,-0.33,-1.36,0.11,,,,,<,CEMP-no,II,Roederer2014,GAIA DR2
CS29504-006,5010164739030492032,01:32:04.969,-36:22:42.9312,0.967148356,0.032284777,0.9914307,0.057757705,-90,*,-2.09,8.9,-3.12,1.59,0.03,0.41,1.75,,,,,<,CEMP-no,II,Roederer2014,Beers; T. C. 1992
CS29509-027,5031668227235858944,00:50:15.7841,-30:59:56.235,0.844134183,0.041869654,0.84465265,0.054221245,58,*,95.333,-51.136,-2.42,1.74,1.03,1.5,1.12,,,,,<,CEMP-s,I,Roederer2014,Wilhelm; R. 1999
CS29512-073,2601354871056014336,22:28:36.7096,-12:24:44.2204,1.366521706,0.089395363,1.39797473,0.14667481,-75,*,-32.291,-49.519,-2.1,1.24,0.47,1.6,0.53,,,,,,CEMP-s,I,Roederer2014,Beers; T. C. 1992
CS29513-014,6550008607402924672,23:14:24.8985,-37:53:06.9949,4.544524774,0.669829573,5.00166225,1.09242249,40,*,16.058,-2.722,-2.32,1.27,0.71,1.38,0.24,,,,,,CEMP-s,I,Roederer2014,Beers; T. C. 1995
CS29514-007,5035011777672267008,01:06:40.6051,-24:58:42.1349,1.112509795,0.035515837,1.12205458,0.04954171,31,*,93.157,-67.016,-2.83,0.89,-0.12,-0.14,1.74,,,,,<,CEMP-no,II,Roederer2014,Beers; T. C. 1995
CS29526-110,5098658004678548352,03:27:43.6265,-23:00:29.9691,0.727737306,0.011931818,0.73067039,0.01609743,208.35,*,28.329,-90.456,-2.38,2.29,0.93,2.15,1.76,,,,,,CEMP-rs,I,Aoki2008,Aoki; W. et. al. 2002
CS29527-015,2363697631736147328,00:29:10.6736,-19:10:07.2463,1.094910798,0.04112342,1.10501158,0.06382519,48,*,67.381,-32.798,-3.32,1.18,0.44,...,...,,,,,,CEMP-no,II,Yong2013,Carollo; D. 2014
CS29528-028,5126641468958449536,02:28:26.5502,-21:33:00.9293,1.804181444,0.127547055,1.68027306,0.219062205,58.23,*,14.288,-29.842,-2.86,2.77,...,3.27,...,,,,,,CEMP-s,I,Aoki2007,Aoki2007
CS30301-015,1153733493943971456,15:08:56.8411,+02:30:18.4975,3.474129872,0.457651583,3.0819912,0.71070838,86.95,86.95445909,-10.339,-3.494,-2.73,1.74,0.37,1.45,0.22,,,,,,CEMP-s,I,Yong2013,GAIA DR2
CS30312-059,4415995041995447168,15:34:48.8501,-01:23:37.3679,3.057302584,0.3288441,2.94716072,0.52853298,-152.21,-152.2118841,-21.554,-11.977,-3.41,0.71,0.03,-0.22,0.41,,,,,,CEMP-r1,,Roederer2014,GAIA DR2
CS30314-067,6779790049231492096,20:52:50.984,-34:19:40.4967,6.671797974,1.781799625,6.0004611,1.00548816,145.95,145.953121,-10.316,-6.816,-3.31,1.58,-0.06,-0.25,-0.32,,,,,,CEMP-no,II,Roederer2014,GAIA DR2
CS30338-089,2810313310703814656,23:15:49.9733,+10:19:26.218,3.989472983,0.456581251,4.53420353,0.573280095,-113.06,*,1.876,-5.748,-2.78,2.17,...,2.3,...,,,,,,CEMP-s,I,Yong2013,Yong2013
CS30492-110,6583725956102513024,21:21:45.8257,-38:08:57.9735,5.533890097,1.386007043,6.23613071,2.096202375,44,*,3.537,-1.072,-3.27,0.88,0.02,-0.43,0.28,,,,,,CEMP-no,II,Roederer2014,Beers; T. C. 1995
CS31062-050,2423720246374021632,00:30:31.0679,-12:05:10.8963,1.243286314,0.075594816,1.20815766,0.10428083,7.75,*,50.032,-24.462,-2.28,2.0,...,2.3,1.9,,,,,,CEMP-rs,I,Yong2013,Aoki; W. et. al. 2002
CS31082-001,2451773941958712192,01:29:31.1321,-16:00:45.5402,1.870466986,0.161533287,1.77351522,0.20797861,139.09,139.0940253,11.745,-42.709,-3.09,0.71,0.73,0.99,1.44,,,,,,CEMP-r2,,Roederer2014,GAIA DR2
HD126587,6273496177641286272,14:27:00.3597,-22:14:39.0293,0.624550046,0.016546399,0.62607944,0.017451735,149.2,149.7431782,-14.976,-53.441,-3.29,0.84,0.09,-0.25,0.24,,,,,,CEMP-no,II,Roederer2014,Myers; J. R. 2015
HD187216,2303241672078407936,19:24:18.9871,+85:21:57.0295,2.113357334,0.159640632,2.05826926,0.1592325,-114.5,*,-2.176,4.126,-2.48,1.64,...,2.3,...,,,,,,CEMP-s,I,Kipper1994,Gontcharov; G. A. 2006
HD187861,6428441864493005824,19:56:26.9304,-65:22:08.1114,0.736103083,0.022625581,0.74191165,0.024039865,13.32,13.31637736,-26.058,-65.432,-2.3,2.69,...,...,...,,,,,,CEMP-s,I,Vanture1992,GAIA DR2
HD196944,6907236881547590144,20:40:46.0863,-06:47:50.806,0.427783655,0.015662361,0.43114844,0.0135469,-173.32,-173.3153223,40.923,-27.327,-2.41,1.31,0.79,1.23,-0.11,,,,,,CEMP-s,I,Placco2015b,GAIA DR2
HD198269,1812812550689358336,20:48:36.7232,+17:50:23.8574,0.782209067,0.024940551,0.78832638,0.02537811,-203.39,-209.5223848,38.844,-41.93,-2.08,2.59,1.16,1.26,...,,,,,,CEMP-s,I,Goswami2015McClure1990,de Bruijne; J. H. J. 2012
HD201626,1841916486037198848,21:09:59.2696,+26:36:54.8215,0.219089486,0.00300359,0.22000195,0.00288877,-146.57,-140.3862503,-39.901,28.237,-1.51,1.5,1.34,1.73,0.95,,,,,,CEMP-s,I,Placco2015b,de Bruijne; J. H. J. 2012
HD209621,1781581300857233536,22:04:25.1446,+21:03:09.0728,1.332935383,0.153021907,1.32393968,0.17825067,-378.67,-374.4184979,48.327,-12.805,-1.99,1.31,1.12,1.76,1.42,,,,,,CEMP-rs,I,Goswami2010McClure1990,de Bruijne; J. H. J. 2012
HD237846,1049376272667191552,09:52:38.6936,+57:54:58.4391,0.847147812,0.022606876,0.84096181,0.02451992,-303.22,-303.2213794,0.542,-8.317,-3.21,0.74,-0.01,-0.92,-0.35,,,,,,CEMP-no,II,Roederer2014,GAIA DR2
HE0002-1037,2428597817394213888,00:05:22.9988,-10:20:23.0029,4.19442095,0.495310376,4.06825924,0.61605215,-31.295,*,6.446,-5.904,-3.75,3.43,...,1.67,...,,,,,,CEMP-s,I,Hansen2015c,Hansen2015c
HE0007-1832,2366403598571491712,00:09:52.7793,-18:16:12.5174,2.550762695,0.341116287,2.63487911,1.16014576,26.4,*,6.417,-20.399,-2.79,2.66,-0.02,0.09,1.71,,,,,<,CEMP-no,I,Cohen2013,Cohen2013
HE0010-3422,2310023528516910336,00:13:08.8994,-34:05:55.01,8.412124282,2.369631461,5.94262934,0.91002488,158.8,*,3.698,-4.925,-2.78,1.94,0.85,1.54,1.72,,,,,,CEMP-r2,,hansen2015a,hansen2015a
HE0012-1441,2417087717358037120,00:15:27.0588,-14:24:37.7012,2.361407969,0.373335255,2.27303553,0.457812785,11.2,*,14.791,-11.176,-2.52,1.59,...,1.15,...,,,,,,CEMP-s,I,Cohen2013,Cohen2013
HE0015+0048,2547143725127991168,00:18:01.4285,+01:05:08.0916,4.23833965,0.734207118,3.74203849,1.13678014,-48.8,*,-2.533,-11.842,-3.07,1.29,...,-1.17,...,,,,,,CEMP-no,II,Hollek2011,Hollek2011
HE0017-4346,4991851720033870720,00:20:16.2005,-43:30:18.0014,1.576801387,0.112630116,1.60730064,0.152628185,58.9,*,22.583,0.537,-3.07,2.9,0.74,1.28,1.0,,,,,<,CEMP-s,I,Cohen2013,Cohen2013
HE0024-2523,2347624455364935424,00:27:27.6623,-25:06:28.1876,1.256655399,0.051799266,1.25001979,0.08418727,-181.6,*,-26.016,-65.602,-2.7,2.62,0.44,1.52,1.09,,,,,<,CEMP-s,I,Masseron2012,Cohen2013
HE0055-2314,2346269994478662144,00:57:44.099,-22:58:09.0098,1.626485634,0.14866872,1.71488273,0.212251845,-64.7,*,0.371,-27.908,-2.65,0.72,-0.16,-0.49,...,,,,,,CEMP-no,II,Cohen2013,Cohen2013
HE0057-5959,4903905598859396480,00:59:54.1019,-59:43:29.997,3.965624271,0.399168366,4.10492516,1.118712425,375.3,*,2.389,-10.522,-4.08,0.86,-1.06,-0.46,...,,,,,,CEMP-no,II,Yong2013,Carollo; D. 2014
HE0058-0244,2532475724616328960,01:00:53.0302,-02:28:20.0248,0.999380772,0.023278599,0.99506837,0.038773865,-68.4,*,22.139,-40.894,-2.76,1.94,0.47,1.97,1.54,,,,,,CEMP-rs,I,Cohen2013,Cohen2013
HE0058-3449,5002359512143209600,01:01:21.7191,-34:33:10.7134,4.394844706,0.559664382,3.899333,0.64507389,-33,*,7.45,-25.77,-2.1,1.01,1.3,1.8,...,,,,,,CEMP-s,I,hansen2015d,Frebel; A. 2006
HE0100-1622,2359252134426370560,01:02:58.4993,-16:06:30.9964,5.78459387,1.880321983,6.46808577,3.639852285,28.6,*,6.139,-8.849,-2.93,2.77,0.25,-1.8,0.8,,,,<,<,CEMP-no,I,hansen2015a,hansen2015a
HE0102-1213,2469299431456345984,01:05:27.9629,-11:57:31.0826,1.17389927,0.033168409,1.17145991,0.054916085,90.5,*,-18.622,-68.771,-3.28,1.31,...,-0.64,...,,,,<,,CEMP-no,II,Yong2013,Carollo; D. 2014
HE0107-5240,4927204800008334464,01:09:29.1653,-52:24:34.1952,7.52290556,1.462055675,7.94407272,1.43388033,44.5,*,2.414,-3.735,-5.44,4.03,-0.26,0.93,2.93,,,<,<,<,CEMP-no,III,Christlieb2004,Christlieb2004
HE0130-1749,2450428242806920320,01:32:26.3984,-17:34:22.0035,11.83579095,4.696239622,7.79509974,3.232211825,-104,*,7.183,-2.334,-3.34,0.72,0.22,-0.72,0.61,,,,,<,CEMP-no,II,Cohen2013,Cohen2013
HE0131-3953,5008641984146174336,01:33:36.4592,-39:37:51.9616,1.478722644,0.110805751,1.50824559,0.16813892,67.5,*,6.303,-32.967,-2.71,2.36,0.56,2.12,1.61,,,,,,CEMP-s,I,Barklem2005,Barklem2005
HE0132-2429,5038842338744610816,01:34:58.7989,-24:24:18.0021,3.663086492,0.46456378,3.77435303,1.5689075,294.7,*,0.201,-3.929,-3.6,0.84,0.13,-0.85,1.22,,,,,<,CEMP-no,II,Cohen2008,Cohen2013
HE0134-1519,2453397508316944128,01:37:05.3697,-15:04:22.7593,2.503960602,0.187193652,2.70760155,0.366248725,244,*,24.961,-10.905,-3.98,1.0,-0.3,-0.5,1.5,,,,<,<,CEMP-no,II,Hansen2014,Hansen2014
HE0134-2504,5038617969652962688,01:36:37.2987,-24:49:02.9981,3.715780287,0.3496433,3.50201225,1.0200398,9,*,5.484,-7.983,-2.74,1.81,0.97,1.65,...,,,,,,CEMP-s,I,Cohen2013,Cohen2013
HE0139-2826,5023653272801532928,01:41:36.7993,-28:11:03.0014,3.470378599,0.232476337,3.61421132,0.46296108,-253,*,3.269,-14.776,-3.46,0.86,-1.51,-1.22,0.21,,,,,<,CEMP-no,II,Placco2014a,Placco2014a
HE0143-0441,2480287302124327296,01:45:37.9189,-04:26:43.4053,2.226787068,0.358824663,1.92594349,0.41491324,121.8,*,8.092,-14.33,-2.32,1.82,0.93,2.42,1.69,,,,,,CEMP-s,I,Yong2013,Cohen2013
HE0146-1548,5142929531133360768,01:48:34.7197,-15:33:24.3839,13.24292491,7.357649166,15.05822277,5.257290365,-114.9,*,-0.621,-2.835,-3.46,1.57,...,-0.71,...,,,,,,CEMP-no,II,Yong2013,Carollo; D. 2014
HE0206-1916,5137368888514963072,02:09:19.6261,-19:01:55.4888,5.358365834,0.737305363,4.67008066,1.306154015,-200.01,*,0.224,-11.984,-2.52,2.12,...,1.99,...,,,,,,CEMP-s,I,Yong2013,Yong2013
HE0207-1423,5148615002680748160,02:10:00.6953,-14:09:11.0468,3.82911794,0.574878692,3.60379243,2.123657345,-209.6,*,21.609,-3.195,-2.95,2.41,...,1.73,...,,,,,,CEMP-s,I,Yong2013,Carollo; D. 2014
HE0212-0557,2488106513425124096,02:15:02.5079,-05:43:23.6054,5.751280533,1.914966216,5.2409234,2.58204103,-230.6,*,3.981,-16.392,-2.27,1.76,0.04,2.18,...,,,,,,CEMP-s,I,Cohen2013,Cohen2013
HE0231-4016,4952088844089190784,02:33:44.3945,-40:03:42.8748,2.551628594,0.236366037,2.5240314,0.325747965,180.8,*,26.12,9.081,-2.08,1.27,0.77,1.38,...,,,,,,CEMP-s,I,Barklem2005,Barklem2005
HE0233-0343,2495327693479473408,02:36:29.7879,-03:30:06.0136,1.181380868,0.076017133,1.20929754,0.119647025,63.5,*,49.962,-10.607,-4.68,3.48,0.32,0.8,3.0,,,,<,<,CEMP-no,III,Hansen2014,Hansen2014
HE0243-3044,5065476358659953408,02:45:16.3982,-30:32:01.993,5.207089519,1.081795571,3.76702857,1.669226525,39.8,*,6.763,-4.237,-2.58,2.45,0.97,1.96,1.9,,,,,,CEMP-rs,I,hansen2015a,hansen2015a
HE0302-3417a,5050991770433282688,03:04:28.4395,-34:06:04.5789,3.029065317,0.237229223,3.04803324,0.27336061,121.7,122.4687336,4.475,-20.44,-3.7,1.2,...,-2.1,...,,,,,,CEMP-no,II,Hollek2011,Hollek2011
HE0322-1504,5113010754589810688,03:24:40.1157,-14:54:24.3007,*,*,11.49546146,3.89132357,39.2,*,3.37,-3.391,-2.0,2.46,...,2.75,...,,,,,,CEMP-s,I,Beers2007,RAVE DR4
HE0324+0152a,3268028903151246720,03:26:53.7983,+02:02:28.0146,1.677671835,0.110218113,1.67864811,0.124428515,107.3,*,22.759,-14.128,-3.32,0.84,...,-1.2,0.66,,,,,<,CEMP-no,II,Hollek2011,Hollek2011
HE0336+0113,3270745624585276160,03:38:52.8887,+01:23:07.8256,0.809550662,0.024463689,0.81510299,0.046475415,66.6,*,101.4,-31.113,-2.6,2.25,1.77,2.69,1.22,,,,,,CEMP-s,I,Yong2013,Cohen2013
HE0338-3945,4856059422664301440,03:39:55.0061,-39:35:42.8984,1.473697883,0.049772751,1.50961924,0.08114314,177.7,*,14.212,-5.333,-2.38,2.07,0.84,2.31,1.93,,,,,,CEMP-rs,I,Jonsell2006,Barklem2005
HE0400-2030,5094149422889888512,04:02:14.7867,-20:21:53.5494,3.929957387,0.34008492,4.27208281,0.512968775,221.83,*,3.265,-9.249,-1.78,1.15,...,1.67,...,,,,,,CEMP-s,I,Aoki2007,Aoki2007
HE0401-3835,4844991463741166080,04:03:14.8007,-38:27:39.9895,5.077893858,0.985548727,6.14620638,4.52611804,347.5,*,5.549,2.81,-3.05,0.78,-0.23,-0.75,0.84,,,,,<,CEMP-no,II,Cohen2013,Cohen2013
HE0414-0343,3204073468563826432,04:17:16.4131,-03:36:30.8644,3.142179243,0.774176458,2.67521596,0.68047154,15.51,15.51285158,6.785,-12.324,-2.24,1.6,0.48,1.87,1.23,,,,,,CEMP-rs,I,Hollek2015,GAIA DR2
HE0420+0123a,3279770347306973056,04:23:14.5416,+01:30:48.3642,1.055541208,0.047525523,1.08501256,0.05434662,-55.34,-55.33598889,33.257,-21.424,-3.03,0.78,...,0.08,...,,,,,,CEMP-no,II,Hollek2011,GAIA DR2
HE0430-4404,4791557603813200128,04:31:38.1152,-43:57:48.6127,1.606384088,0.079872008,1.64467359,0.139820575,201.5,*,0,-11.847,-2.07,1.35,0.66,1.53,...,,,,,,CEMP-s,I,Barklem2005,Barklem2005
HE0432-1005a,3185294604533440640,04:35:01.3138,-09:59:36.3239,4.538440589,0.715011373,4.20281839,1.01925874,198,197.8590187,8.483,-7.129,-3.21,0.96,...,-0.9,...,,,,,,CEMP-no,II,Hollek2011,Hollek2011
HE0441-0652,3187834888708843008,04:43:29.8783,-06:46:53.4766,8.03987596,1.582031291,7.72791958,3.728421685,-29.77,*,3.717,-4.396,-2.77,1.63,...,1.2,...,,,,,,CEMP-s,I,Yong2013,Yong2013
HE0448-4806,4786437384321028608,04:49:33.0013,-48:01:07.992,0.902471636,0.018034742,0.90221357,0.02463055,128.07,128.0735377,25.112,4.551,-2.26,2.24,1.1,1.78,1.87,,,,,,CEMP-r2,,hansen2015a,GAIA DR2
HE0450-4705,4786891482623487232,04:51:33.5668,-47:00:03.8436,2.020453711,0.073174801,2.03500319,0.11397588,-6.3,*,19.813,-27.42,-3.1,0.8,-0.38,...,...,,,,,,CEMP-no,II,Barklem2005,Barklem2005
HE0450-4902,4786258163926019200,04:51:43.2986,-48:57:24.9761,1.726683214,0.106226087,1.79120433,0.15915555,332.4,*,-18.984,-0.467,-3.07,2.03,0.64,1.21,2.0,,,,,<,CEMP-s,I,hansen2015a,hansen2015a
HE0507-1653,2982933097213087616,05:09:16.4993,-16:50:04.9903,1.747730709,0.094764501,1.82810688,0.153559805,353.53,353.5285311,12.571,0.928,-1.43,1.32,...,1.93,...,,,,,,CEMP-s,I,aoki2007,GAIA DR2
HE0557-4840,4794791782906532608,05:58:39.2604,-48:39:56.7772,10.77005895,2.4000554,11.19934177,4.1917243,211.44,*,0.718,0.735,-4.73,1.6,-1.04,0.0,2.02,,,<,<,<,CEMP-no,II,Norris2007,Norris2007
HE1005-1439,5674504400563869312,10:07:52.3905,-14:54:20.9944,3.055549997,0.201652656,3.09082389,0.48550141,86.87,*,8.811,-21.026,-3.09,2.5,...,1.17,...,,,,,,CEMP-s,I,Yong2013,Yong2013
HE1012-1540,3751852536639575808,10:14:53.4716,-15:55:53.0772,0.385259463,0.0041531,0.38681945,0.006366625,225.6,*,-102.32,28.13,-4.17,2.41,-0.39,-0.28,1.6,,,,,<,CEMP-no,III,Roederer2014,Roederer2014
HE1031-0020,3806752354805057408,10:34:24.2086,-00:36:08.3688,4.063412967,0.658295969,4.57661247,1.15876675,69.7,*,1.478,-13.129,-2.79,1.65,0.39,1.61,0.91,,,,,<,CEMP-s,I,Yong2013,Cohen2013
HE1045+0226,3809132075924674432,10:48:03.407,+02:10:47.9025,5.510571494,1.147613517,5.35115433,2.468444345,214.2,*,-5.618,-5.505,-2.2,0.99,...,1.24,0.23,,,,,,CEMP-s,I,Cohen2013,Placco; V. M. 2010
HE1046-1352,3750079917737239168,10:48:29.9978,-14:08:12.0023,3.087700194,0.44788797,2.6187098,1.05474317,79.471,*,0.765,-9.268,-2.76,3.33,...,1.38,...,,,,,,CEMP-s,I,Hansen2015c,Hansen2015c
HE1105+0027,3804203583773001728,11:07:49.5003,+00:11:38.4073,3.285542496,0.605215209,2.51051402,1.390814425,77,*,-11.789,-3.507,-2.42,1.91,0.83,2.36,1.8,,,,,,CEMP-s,I,Barklem2005,Barklem2005
HE1111-3026,5404263550768361728,11:13:44.8967,-30:42:47.9872,6.593357171,1.254984217,5.92133045,1.36018658,206.8,*,-9.731,-1.696,-2.0,1.03,...,1.31,...,,,,,,CEMP-s,I,Cohen2013,Cohen2013
HE1116-0634,3783989199935482624,11:18:35.8867,-06:50:45.0852,3.065699443,0.463073188,2.93378282,0.553901075,116.32,116.3190965,-3.298,0.224,-3.73,0.81,...,-1.81,...,,,,,,CEMP-no,II,Hollek2011,GAIA DR2
HE1124-2335,3534825915028932608,11:27:26.9454,-23:52:05.6373,3.693993419,0.407032279,3.72460318,1.280594345,181.5,*,-8.35,-3.256,-3.36,1.0,0.11,-1.19,0.13,,,,,<,CEMP-no,II,Roederer2014,Roederer2014
HE1135+0139,3799217607778742400,11:38:09.8583,+01:22:44.1229,6.268401639,2.758994307,9.43668842,3.465655805,11,*,-0.092,-3.717,-2.33,1.26,0.76,1.04,0.33,,,,,,CEMP-s,I,Barklem2005,Barklem2005
HE1135-0344,3792098373068027136,11:38:21.0323,-04:01:24.0697,2.261615604,0.331980069,2.16725802,0.4416312,-167.4,*,-17.78,-16.93,-2.63,0.99,0.48,...,...,,,,,,CEMP-no,II,Barklem2005,Barklem2005
HE1148-0037,3794549287566172160,11:51:14.9823,-00:54:11.1148,1.328740779,0.047177822,1.31060374,0.088616845,-36.6,*,-51.269,-47.963,-3.47,0.8,-0.32,...,...,,,,,,CEMP-no,II,Barklem2005,Barklem2005
HE1150-0428,3599270524915072000,11:53:06.5993,-04:45:03.3816,5.087594458,1.079251809,5.40063858,1.78616047,46.6,*,-0.364,-10.628,-3.47,2.39,-0.32,-0.48,1.49,,,,,<,CEMP-no,I,Yong2013,Cohen2013
HE1152-0355,3599416107126589184,11:55:06.0542,-04:12:24.819,6.376710755,1.908544346,4.75337315,0.97659564,431.3,*,-4.819,0.956,-1.32,0.73,...,1.59,...,,,,,,CEMP-s,I,Goswami2006,Goswami2006
HE1157-0518,3596012225285553920,12:00:18.0586,-05:34:43.128,7.587107916,2.28586518,7.82844067,4.24217176,142.91,*,-5.694,-5.728,-2.34,2.2,...,2.14,...,,,,,,CEMP-s,I,Aoki2007,Aoki2007
HE1159-0525,3595827919649259648,12:02:26.8975,-05:41:53.9971,6.157123381,1.540382528,6.20104408,1.931221965,79.9,*,-4.602,-9.971,-2.91,2.04,0.06,1.53,0.7,,,,,,CEMP-s,I,Cohen2013,Cohen2013
HE1217-0540,3584642553499951744,12:19:53.6586,-05:57:15.8698,0.739757206,0.021127193,0.74097723,0.042767615,151.2,*,-23.661,-26.518,-2.94,0.77,0.23,...,...,,,,,,CEMP-no,II,Barklem2005,Barklem2005
HE1221-1948,3514980623499451392,12:23:47.7413,-20:04:45.9268,2.738374999,0.391731993,2.50666094,0.53985512,31.6,*,7.138,-4.799,-3.36,1.38,...,...,...,,,,,,CEMP-no,II,Barklem2005,Barklem2005
HE1245-0215,3682566467817909504,12:48:22.499,-02:31:56.9843,2.396250219,0.460777489,2.92636633,1.481236935,-120.5,*,-16.723,1.441,-2.85,1.66,0.38,0.29,...,,,,,,CEMP-s,I,Cohen2013,Cohen2013
HE1249-3121,6183795820024064256,12:52:05.1383,-31:37:44.9212,2.143044268,0.148456871,2.2600615,0.26429999,218.7,*,-6.54,-15.602,-3.23,1.82,-0.88,...,...,,,,,,CEMP-no,II,Barklem2005,Barklem2005
HE1300+0157,3691867477195410944,13:02:56.2411,+01:41:52.1155,1.925109475,0.113715746,1.94494033,0.20314479,73.4,*,-7.309,-1.334,-3.75,1.31,-1.73,-0.85,...,,,,<,,CEMP-no,II,Yong2013,Cohen2013
HE1300-0641,3629020217185444352,13:03:34.1403,-06:57:20.8124,4.645967971,0.700951603,6.09677029,1.35708618,67.9,*,5.165,2.432,-3.14,1.21,-0.5,-0.86,...,,,,,,CEMP-no,II,Barklem2005,Barklem2005
HE1300-2201,3505137932846257536,13:03:17.3146,-22:17:37.9757,1.385161825,0.095916693,1.42047882,0.15013039,-62.8,*,-1.011,7.322,-2.61,0.92,0.38,-0.13,...,,,,,,CEMP-no,II,Barklem2005,Barklem2005
HE1305+0007,3686190458143012352,13:08:03.8476,-00:08:47.3992,4.034685357,0.873653067,3.68812919,1.2050215,228.52,228.5228134,-16.992,-1.784,-2.08,1.9,0.96,2.4,...,,,,,,CEMP-s,I,Goswami2006,GAIA DR2
HE1305+0132,3690936122127067264,13:08:17.7518,+01:16:49.6686,7.239639004,2.246139471,6.57333899,1.985409495,156.99,156.9892361,-5.819,-0.791,-2.5,2.7,...,...,...,,,,,,CEMP-s,I,Schuler2007,GAIA DR2
HE1305-0331,3684067026312018560,13:07:58.9309,-03:47:40.3367,2.825406273,0.601935132,3.16611099,1.501029495,-38.4,*,-11.085,-9.255,-3.26,1.09,-0.07,...,...,,,,,,CEMP-no,II,Barklem2005,Barklem2005
HE1310-0536,3635533208672382592,13:13:31.179,-05:52:12.4953,16.18745443,8.962439498,8.10639095,4.35985899,113.2,*,-5.054,-1.687,-4.15,2.44,-1.08,-0.5,1.2,,,,,<,CEMP-no,III,Hansen2014,Hansen2014
HE1311-0131,3684987592422300800,13:13:42.022,-01:47:15.3337,2.817118022,0.331389119,2.86014414,0.51271343,124,*,-30.209,-9.945,-3.15,0.73,...,-0.62,...,,,,,,CEMP-no,II,Hollek2011,Carrera; R. 2013
HE1319-1935,3506907768609899264,13:22:38.7055,-19:51:11.6467,*,*,9.46203136,4.12165308,368.98,*,-4.563,-1.325,-2.22,1.6,...,1.68,...,,,,,,CEMP-s,I,Yong2013,Yong2013
HE1327-2326,6194815228636688768,13:30:05.949,-23:41:49.7154,1.061738213,0.026435546,1.06065977,0.0443179,112,*,-52.524,45.498,-5.71,4.18,1.08,1.39,4.43,,,,<,<,CEMP-no,III,Frebel2008,Frebel; A. 2006
HE1330-0354,3633795224386184448,13:33:10.6739,-04:10:05.7757,1.579573837,0.096679529,1.56175399,0.199915945,35.3,*,-22.22,-53.59,-2.29,0.96,0.11,-0.56,...,,,,,,CEMP-no,II,Barklem2005,Barklem2005
HE1338-0052,3661850088202356992,13:40:59.298,-01:07:19.999,1.556815128,0.119916174,1.56146204,0.411330645,-39,*,-2.427,-23.495,-3.01,1.32,0.13,-0.02,1.46,,,,,<,CEMP-no,II,Cohen2013,Cohen2013
HE1351-1049,3613787067698243072,13:53:57.1204,-11:04:24.5034,6.913969116,2.839062535,8.60526466,2.88864756,285.4,*,-9.234,-4.69,-3.46,1.47,0.13,0.05,...,,,,,,CEMP-no,II,Barklem2005,Barklem2005
HE1405-0822,3616004954450148992,14:07:42.9585,-08:36:14.3465,5.764123901,2.021094332,5.49141502,1.00094724,138.13,*,-2.616,-10.277,-2.4,2.05,...,1.95,...,,,,,,CEMP-s,I,Cui2013,Cui2013
HE1410+0213,3667206118578976896,14:13:06.5617,+01:59:21.9425,4.289942082,0.506927254,4.03475237,0.99131918,80.7,*,-15.165,-16.583,-2.14,1.76,...,-0.26,...,,,,,,CEMP-no,I,Cohen2013,Cohen2013
HE1410-0004,3659890586683023104,14:13:04.6287,-00:18:32.4997,2.950592878,0.343914055,3.13341331,0.690263035,214.6,*,-10.108,-23.722,-3.09,2.13,0.26,1.13,2.44,,,,,<,CEMP-s,I,Masseron2012,Cohen2013
HE1413-1954,6277932329101971328,14:16:04.711,-20:08:54.093,1.678478587,0.18325573,1.65472174,0.351354595,-100.4,*,-20.154,-1.392,-3.19,1.41,-0.37,...,...,,,,,,CEMP-no,II,Barklem2005,Barklem2005
HE1429-0551,6331867944289331584,14:32:31.2891,-06:05:00.2894,4.158569267,0.599378654,3.90259767,0.86481535,-43.12,-43.12233026,-10.462,-18.86,-2.6,2.38,...,1.47,...,,,,,,CEMP-s,I,Yong2013jorissen2015?,GAIA DR2
HE1430-1123,6324639651769264640,14:33:33.6347,-11:37:07.4058,1.602461203,0.178156744,1.69073939,0.271822095,93.4,*,0.532,-19.509,-2.71,1.75,0.34,1.73,...,,,,,,CEMP-s,I,Barklem2005,Barklem2005
HE1432-1819,6285065715728868736,14:35:22.7972,-18:32:22.0128,2.353470893,0.390083703,2.44904804,0.617111325,63.2,*,-14.553,-12.609,-2.56,0.83,-0.58,-0.67,...,,,,,,CEMP-no,II,Cohen2013,Cohen2013
HE1434-1442,6286996565522555648,14:37:26.5885,-14:54:59.4002,3.344523089,0.463694536,4.12250328,1.842893125,125,*,-14.789,-15.3,-2.38,1.96,...,1.23,...,,,,,,CEMP-s,I,Cohen2013,Cohen2013
HE1439-1420,6310995915059843712,14:42:09.3969,-14:32:56.0022,2.099410884,0.205786187,2.1957581,0.57300377,79.5,*,-20.107,-16.487,-2.97,1.84,0.31,1.31,...,,,,,,CEMP-s,I,Cohen2013,Cohen2013
HE1443+0113,3652166826735707136,14:46:16.3583,+01:01:09.7918,4.786793427,1.274100383,6.21238613,3.115581515,2.8,*,1.009,-3.547,-2.11,1.58,...,1.79,...,,,,,,CEMP-s,I,Cohen2013,Cohen2013
HE1447+0102,3651925445278187904,14:50:15.036,+00:50:15.1695,2.034056668,0.172086904,2.25013638,0.30803883,-61.22,*,-10.151,-12.701,-2.47,2.54,...,2.7,...,,,,,,CEMP-s,I,Aoki2007,Aoki2007
HE1456+0230,1154232947101691136,14:59:22.598,+02:18:15.9968,13.6219719,7.370061276,9.25633335,1.454381945,188,*,-2.308,-0.095,-3.32,2.16,-0.32,-0.19,...,,,,,,CEMP-no,I,Cohen2013,Cohen2013
HE1506-0113,4418328965879435776,15:09:14.298,-01:24:56.9962,11.89882341,6.478633212,7.02884197,2.47368765,-137.1,*,-16.66,-5.963,-3.54,1.49,...,-0.8,...,,,,,,CEMP-no,II,Yong2013,Carollo; D. 2014
HE1509-0806,6320475904314377216,15:11:41.578,-08:17:40.1942,12.25790269,5.160425577,7.07625055,1.93957496,-169.9,*,-3.378,-2.932,-2.91,2.0,1.02,1.93,0.93,,,,,<,CEMP-s,I,Cohen2013,Cohen2013
HE1523-1155,6314934159552034304,15:26:41.037,-12:05:42.6276,4.17480008,0.444621449,4.00598288,0.860480545,-38.96,-38.96181152,-12.323,-6.104,-2.15,1.93,...,1.72,...,,,,,,CEMP-s,I,Aoki2007,GAIA DR2
HE1528-0409,4401420538629118464,15:30:54.3003,-04:19:40.4554,5.668691821,1.297628423,6.07067156,1.59734702,-157.48,*,1.432,-11.77,-2.6,2.47,...,2.3,...,,,,,,CEMP-s,I,Aoki2007,Aoki2007
HE2122-4707,6575376887573173376,21:25:44.3989,-46:54:11.017,6.326383652,1.646530323,7.83988333,1.69413066,78.9,*,0.014,-13.476,-2.42,1.62,...,2.03,2.01,,,,,,CEMP-rs,I,Cohen2013,Cohen2013
HE2123-0329,2684404076678702208,21:26:08.9581,-03:16:58.801,3.767595128,0.529028446,3.489568,0.740709185,-217.65,-217.6508126,-0.634,-11.109,-3.22,1.06,...,-0.85,...,,,,,,CEMP-no,II,Hollek2011,GAIA DR2
HE2133-1426,6841937882405108352,21:36:07.2239,-14:12:35.3646,1.1122175,0.078302331,1.23260736,0.13933635,19.6,*,22.195,-2.954,-3.32,1.79,-0.15,2.34,...,,,,,,CEMP-s,I,Cohen2013,Cohen2013
HE2138-0314,2674056091713363840,21:40:41.5892,-03:01:17.1201,2.523981781,0.171125296,2.61990309,0.434868095,-373.5,*,0.117,1.243,-3.29,0.82,...,-0.85,...,,,,,,CEMP-no,II,Hollek2011,Hollek2011
HE2138-3336,6592196529260126976,21:41:20.398,-33:22:29.007,0.823782215,0.029908343,0.81758219,0.04065731,56.1,*,-15.125,-31.65,-2.79,2.43,0.27,1.91,1.09,,,,,<,CEMP-s,I,Placco2013,Placco2013
HE2139-5432,6461736966363075200,21:42:42.4996,-54:18:43.0161,*,*,8.91580582,1.433119295,115.5,*,2.547,-4.484,-4.02,2.6,-0.55,-0.33,...,,,,<,,CEMP-no,III,Yong2013,Norris; J. E. et. al. 2013
HE2141-3741,6586084653360277504,21:44:51.1707,-37:27:55.0111,5.639600676,0.921720189,4.72135687,1.12807536,-166,*,-0.167,-6.51,-3.3,0.83,-0.57,-1.28,-0.17,,,,,<,CEMP-no,II,Placco2014a,Beers; T. C. 1995
HE2142-5656,6460491700725230848,21:46:20.5008,-56:42:18.008,5.441910548,0.661396415,5.18920994,1.311079265,103.4,*,-9.153,-5.091,-2.87,1.05,...,-0.63,...,,,,,,CEMP-no,II,Yong2013,Carollo; D. 2014
HE2144-1832,6836685309200961792,21:46:54.6665,-18:18:15.629,2.114750174,0.205753406,2.09674954,0.219505195,141.24,141.2402638,-13.962,-7.045,-1.7,1.02,1.5,1.3,...,,,,,,CEMP-s,I,hansen2015d,GAIA DR2
HE2148-1247,6843843232976731136,21:51:17.9193,-12:33:41.8364,2.188538309,0.332256585,1.86553025,0.82278991,40.9,*,30.491,-23.647,-2.3,1.79,0.74,2.34,1.96,,,,,,CEMP-rs,I,Cohen2013,Cohen2013
HE2155-3750,6586674399611837312,21:58:09.7981,-37:36:20.0303,3.016394273,0.302137284,3.42495894,0.31306899,62.2,77.54024347,7.338,-19.657,-2.59,1.72,...,1.92,1.65,,,,,<,CEMP-s,I,Cohen2013,Cohen2013
HE2158-0348,2670262256906596224,22:00:39.9754,-03:34:12.1967,2.68090364,0.357006019,2.65069652,0.715503095,67.6,*,9.39,-11.666,-2.57,1.89,0.6,1.75,0.85,,,,,,CEMP-s,I,Yong2013,Cohen2013
HE2202-4831,6560414664623817856,22:06:06.0002,-48:16:53.0089,2.88964035,0.283317485,3.04671741,0.78635013,56.2,*,-5.077,-12.13,-2.78,2.43,...,-1.28,...,,,,,,CEMP-no,I,Yong2013,Carollo; D. 2014
HE2221-0453,2626587391603271808,22:24:25.6298,-04:38:02.2097,5.50393965,0.857126078,5.24422884,2.306678055,-189.91,*,1.496,-13.277,-2.0,1.91,...,1.76,...,,,,,,CEMP-s,I,Yong2013,Yong2013
HE2227-4044,6593404102263870464,22:30:19.0811,-40:29:13.0841,0.982189774,0.03900008,0.97957355,0.05704406,103.9,*,-27.982,-30.668,-2.32,1.59,0.51,1.29,...,,,,,,CEMP-s,I,Barklem2005,Barklem2005
HE2228-0706,2622819124736579584,22:31:24.4683,-06:50:51.196,1.664511273,0.077126764,1.66572249,0.111281515,-11.69,*,-0.827,-8.99,-2.78,2.36,...,2.46,...,,,,,,CEMP-s,I,Yong2013,Yong2013
HE2235-5058,6513744205658469632,22:38:07.9467,-50:42:41.8342,2.062264447,0.173779609,2.16954708,0.461505295,49.15,49.15136508,17.521,-9.852,-2.7,1.02,1.7,2.4,...,,,,,,CEMP-s,II,hansen2015d,GAIA DR2
HE2238-4131,6545447317774924032,22:41:22.5994,-41:15:57.0196,2.968467335,0.686646761,3.55712748,3.78500199,-42,*,0.133,-6.421,-2.75,2.65,1.75,1.8,1.1,,,,,,CEMP-s,I,hansen2015a,hansen2015a
HE2240-0412,2625198429244461824,22:42:58.077,-03:56:34.0551,1.055953383,0.056305823,1.09615421,0.072292685,-163.7,*,-3.993,-55.551,-2.2,1.26,0.34,1.28,...,,,,,,CEMP-s,I,Barklem2005,Barklem2005
HE2250-4229,6541457709769168512,22:53:39.6937,-42:13:03.8063,1.667209642,0.137695253,1.7988348,0.14855063,-25.38,-25.37957032,30.058,-7.372,-2.7,0.92,0.4,-0.3,...,,,,,,CEMP-no,II,hansen2015d,GAIA DR2
HE2251-0821,2610105403065590144,22:54:08.1996,-08:05:45.0221,4.559451015,0.869863975,5.76342821,2.947929145,48.4,*,8.872,-4.867,-2.91,1.78,0.73,1.75,...,,,,,,CEMP-s,I,Cohen2013,Cohen2013
HE2258-6358,6393416062591994112,23:01:48.6005,-63:42:24.0047,6.399651976,0.892450301,5.55987453,1.01517749,102.1,*,0.366,-9.789,-2.67,2.5,0.8,2.23,1.68,,,,,,CEMP-s,I,Placco2013,Placco2013
HE2302-2154a,2398202677437168384,23:05:25.3396,-21:38:06.8217,3.060446186,0.461895725,2.84219122,0.67076349,-17.8,-17.56313318,-1.142,-15.056,-3.9,1.08,...,-1.5,...,,,,,,CEMP-no,II,Hollek2011,Hollek2011
HE2318-1621,2406023396270909440,23:21:21.499,-16:05:06.0108,2.116571073,0.164217613,2.25761962,0.28211546,-39.95,-39.95433462,17.161,3.631,-3.67,1.54,-1.0,-1.61,0.13,,,,,<,CEMP-no,II,Placco2014a,GAIA DR2
HE2319-5228,6501398446721935744,23:21:58.211,-52:11:43.0787,4.522193326,0.564641395,3.94758701,0.972786665,286.23,286.2259552,4.312,-3.803,-2.6,1.86,-3.0,-3.0,...,,,<,<,,CEMP-no,I,hansen2015d,GAIA DR2
HE2323-6549,6390328427782832384,23:26:14.4906,-65:33:06.9173,2.408312479,0.111404326,2.41012096,0.189313055,23.6,*,1.751,-26.086,-3.35,0.73,0.03,-0.58,0.58,,,,,<,CEMP-no,II,Placco2014a,Placco2014a
HE2330-0555,2632929683910135680,23:32:54.7905,-05:38:50.5761,5.436781593,1.443333261,5.33333731,1.59559083,-235.03,*,3.854,-11.001,-2.98,2.24,...,1.17,...,,,,,,CEMP-s,I,Yong2013,Yong2013
HE2331-7155,6380424920393127296,23:34:36.1014,-71:38:51.0049,9.067989732,1.525164458,7.81163359,1.974768875,210.6,*,2.945,-1.769,-3.68,1.72,-0.85,-0.9,0.5,,,,,<,CEMP-no,II,hansen2015a,hansen2015a
HK17435-00532,3926388527100945920,11:49:03.2995,+16:58:41.7109,6.787565265,2.46452346,3.59156489,0.952217225,38.77,39.27356577,-5.872,-8.74,-2.23,0.78,0.41,0.86,0.47,,,,,,CEMP-rs,I,Roederer2008,Roederer2008
LAMOSTJ1253+0753,3733768078624022016,12:53:46.09,+07:53:43.1,0.685273604,0.017732012,0.68428683,0.023227695,78,*,21.045,-58.727,-4.02,1.59,0.19,-0.3,1.6,,,,<,<,CEMP-no,II,li2015,li2015
LAMOSTJ1313-0552*,3635533208672382592,13:13:31.18,-05:52:12.4,16.18745443,8.962439498,8.10639095,4.35985899,114,*,-5.054,-1.687,-4.12,2.12,-0.81,-0.57,0.59,,,,,<,CEMP-no,III,li2015,li2015
LAMOSTJ2217+2104,1778804140643594240,22:17:50.59,+21:04:37.2,18.39816739,8.754914353,10.26096821,2.251487255,-115.7,-117.7382735,3.648,-2.725,-4.0,1.76,-1.37,-1.62,...,,,,,,CEMP-no,II,aoki2018,aoki2018
SDSS1349+1407,3740963179636227968,13:49:22.91,+14:07:36.9,1.683024592,0.230430375,1.74631166,0.382815005,-101.9468,*,-6.028,-16.951,-3.58,2.15,...,...,...,,,,,,CEMP-no,III,bonifacio2018,SDSS DR9
SDSS1442-0015,3651420563283262208,14:42:56.37,-00:15:42.8,*,*,5.51433134,2.950630425,224.76,*,-0.269,6.743,-4.35,1.94,...,...,...,,,,,,CEMP-no,III,bonifacio2018,SDSS DR9
SDSSJ0002+2928,2861198846276841600,00:02:19.869,+29:28:51.7852,2.155023887,0.18740997,2.04804778,0.3898052,-308.22,*,-2.709,-23.305,-3.26,2.63,...,1.84,...,,,,,,CEMP-s,I,Aoki2013,Aoki2013
SDSSJ0023+0307,2548541852945056896,00:23:14.00,+03:07:58.07,3.089701367,1.342117263,4.99805021,2.781241655,-195,*,3.743,-13.912,-6.3,3.76,...,...,...,<,>,,,,CEMP-no,III,frebel2019,frebel2019
SDSSJ0126+0607,2565181075941282560,01:26:17.9488,+06:07:24.8018,2.783238449,0.346526123,2.57987189,0.429499865,-274.31,*,18.037,7.502,-3.01,3.08,...,3.2,...,,,,,,CEMP-s,I,Aoki2013,Aoki2013
SDSSJ0140+2344,290930261314166528,01:40:36.2167,+23:44:58.0874,0.907243519,0.046278826,0.92713583,0.07372212,-200.17,*,1.019,-21.466,-4.09,1.57,0.53,-0.04,...,,,,<,,CEMP-no,II,Yong2013,Aoki2013
SDSSJ0212+0137,2513425032102612480,02:12:38.4746,+01:37:58.0965,1.923572529,0.435156866,*,*,-2.9979,*,7.527,-6.268,-3.57,2.26,-0.21,0.51,...,,,,,,CEMP-no,I,Bonifacio2015,SDSS DR9
SDSSJ0308+0505,3638734948445312,03:08:39.2676,+05:05:34.9125,1.191558278,0.099080002,1.22427583,0.15320706,316.08,*,42.894,-29.93,-2.19,2.36,...,...,...,,,,,,CEMP-s,I,Aoki2013,Aoki2013
SDSSJ0351+1026,3302802538930038016,03:51:11.2682,+10:26:43.2019,2.897272054,0.58471749,3.62344813,2.196239115,98.68,*,3.477,0.947,-3.18,1.55,...,...,...,,,,,,CEMP-no,II,Aoki2013,Aoki2013
SDSSJ0629+8303,1143788071970516992,06:29:47.4413,+83:03:28.6216,2.521427713,0.196499793,2.49036551,0.269177315,-122.08,*,3.848,-9.475,-2.82,2.09,...,...,...,,,,,,CEMP-s/rs,I,Aoki2013,Aoki2013
SDSSJ0723+3637,897312989912922496,07:23:52.2102,+36:37:57.214,*,*,10.58860111,3.537745955,-51.69,*,1.254,-3.73,-3.32,1.81,...,...,...,,,,,,CEMP,,Aoki2013,Aoki2013
SDSSJ0741+6708,1095977904781400320,07:41:04.2188,+67:08:01.8379,6.664326079,1.450247347,7.54210186,2.68886471,-167.12,*,0.778,-6.741,-2.87,0.75,...,0.26,...,,,,,,CEMP-no,II,Aoki2013,Aoki2013
SDSSJ0815+4729,931227322991970560,08:15:54.25,+47:29:47.85,2.007487078,0.337367606,1.75885499,0.366070685,-107.9447,*,-14.154,-24.229,-5.85,5.12,...,...,...,<,,,,,CEMP-no,III,Aguado2016a,SDSS DR9
SDSSJ0912+0216,3845306833112163072,09:12:43.7179,+02:16:23.7245,1.276182325,0.080886081,1.28314817,0.13612461,137.18,*,-3.019,-28.796,-2.5,2.17,...,1.49,...,,,,,,CEMP-s,I,Masseron2012,Aoki2013
SDSSJ0929+0238,3844818546870217728,09:29:12.33,+02:38:17,5.506945453,5.675908706,5.71517992,4.92451787,401.4527,*,-4.379,-3.177,-4.95,3.95,0.45,1.18,...,<,,<,<,,CEMP-no,III,caffau2016,SDSS DR9
SDSSJ1034+0701,3862721340654330112,10:34:02.71,+07:01:16.6,2.929231626,1.173037049,4.45147276,2.26842141,152.8552,*,-7.795,-6.728,-3.99,1.84,0.61,...,...,,,,,,CEMP,,bonifacio2018,SDSS DR9
SDSSJ1035+0641*,3862507691800855040,10:35:56.109,+06:41:43.9849,*,*,*,*,-44.9722,*,3.416,-2.41,-5.05,3.52,0.38,2.38,...,<,>,<,<,,CEMP-no,III,Bonifacio2015,SDSS DR9
SDSSJ1036+1212,3882908790752814080,10:36:49.9279,+12:12:19.8087,4.169460374,0.85116782,4.37068558,4.162232875,-33.54,*,3.278,-19.874,-3.2,1.47,...,1.17,...,,,,,,CEMP-s,II,Masseron2012,Aoki2013
SDSSJ1114+1828,3972053340946512000,11:14:07.0697,+18:28:31.7186,1.933356978,0.293821469,1.71034741,0.32574642,230.7513,*,-21.454,-5.409,-3.35,3.25,...,1.62,...,,,,,,CEMP-s,I,Spite2013,SDSS DR9
SDSSJ1143+2020,3976087728282022272,11:43:23.4201,+20:20:58.0204,2.949594638,1.239041801,3.34067106,1.589509965,203.7896,*,-26.151,-11.782,-3.15,2.75,...,1.84,...,,,,,,CEMP-s,I,Spite2013,SDSS DR9
SDSSJ1245-0738,3675467161755572864,12:45:02.6787,-07:38:47.1019,4.026796622,1.08979625,2.98504019,1.73063445,76.88,*,2.898,-5.558,-3.17,2.53,...,2.09,...,,,,,,CEMP-s,I,Aoki2013,Aoki2013
SDSSJ1313-0019,3687441358777986688,13:13:26.8883,-00:19:41.4001,2.844135776,0.786445898,8.55078411,5.421563625,266.6966,*,-3.79,-6.567,-5.0,2.98,-0.28,0.22,...,,,<,<,,CEMP-no,III,Frebel2015,SDSS DR9
SDSSJ1349-0229,3658222348370838528,13:49:13.5384,-02:29:42.8166,2.984779051,0.62658844,2.95551825,1.43874192,120.21,*,-10.254,-7.195,-3.0,2.82,...,2.17,...,,,,,,CEMP-s,I,Masseron2012,Aoki2013
SDSSJ1422+0031,3654012700600277888,14:22:37.429,+00:31:05.1953,8.904644835,5.051127654,9.26913452,4.193818095,-120.2,*,-3.265,-0.231,-3.03,1.71,...,-1.18,...,,,,,,CEMP-no,I,Aoki2013,Aoki2013
SDSSJ1613+5309,1428076733295455232,16:13:13.5309,+53:09:09.6975,4.536046899,0.743684444,5.71741343,2.66235232,-0.01,*,-6.119,1.255,-3.33,2.11,...,0.03,...,,,,,,CEMP-no,I,Aoki2013,Aoki2013
SDSSJ1626+1458,4464091739340378752,16:26:03.6079,+14:58:44.2824,3.395869195,0.862982524,3.77629352,1.86219108,25.83,*,-21.642,-19.539,-2.99,2.86,...,1.69,...,,,,,,CEMP-s,I,Aoki2013,Aoki2013
SDSSJ1646+2824,1307723503325155584,16:46:10.1897,+28:24:22.1714,1.405249942,0.073016414,1.4468447,0.11231446,-18.72,*,-18.029,41.321,-3.05,2.52,...,1.78,...,,,,,,CEMP-s,I,Aoki2013,Aoki2013
SDSSJ1707+5850,1436833999813447296,17:07:33.9291,+58:50:59.6843,10.93372678,4.075682189,12.61003113,3.738459585,8.9936,*,-5.168,0.483,-2.52,2.14,...,3.4,...,,,,,,CEMP-s,I,Aoki2008,SDSS DR9
SDSSJ1734+4316,1348458828585714816,17:34:17.8882,+43:16:06.4676,7.947368863,2.058663979,7.40176439,4.22073102,-211.93,*,-0.293,-8.344,-2.51,1.8,...,1.61,...,,,,,,CEMP-s,I,Aoki2013,Aoki2013
SDSSJ1742+2531,4581822389265279232,17:42:59.6801,+25:31:35.8793,*,*,*,*,-221.9285,*,-6.093,-11.567,-4.78,3.61,0.62,1.59,...,,,<,<,,CEMP-no,III,Bonifacio2015,SDSS DR9
SDSSJ1836+6317,2160212835850250496,18:36:01.7106,+63:17:27.3793,4.497550993,0.712529109,3.7424686,1.715531705,-423.25,*,-5.514,-5.252,-2.85,2.03,...,2.37,...,,,,,,CEMP-s,I,Aoki2013,Aoki2013
SDSSJ2047+0015,4227964882766196096,20:47:28.8377,+00:15:53.7903,2.5704186,0.400535745,2.50218129,0.857724785,-50.05,*,20.419,-30.348,-2.36,2.0,...,1.7,...,,,,,,CEMP-s,I,Yong2013,Allende Prieto; C. et. al. 2008
SDSSJ2209-0028,2677313184456545408,22:09:24.7394,-00:28:59.8218,*,*,*,*,-221.9285,*,-6.272,-10.32,-4.0,2.56,...,1.05,...,,,,<,,CEMP-no,III,Spite2013,SDSS DR9
SMSSJ0021-4711,4977550544093082624,00:21:48.0606,-47:11:32.1045,6.504115999,0.964581983,6.97602415,2.134325745,204.5,*,4.676,-7.916,-3.17,0.78,0.02,-1.18,0.5,,,,,<,CEMP-no,II,Jacobson2015,Jacobson2015
SMSSJ0106-5244,4927175937828177280,01:06:51.9105,-52:44:10.5115,8.366625923,1.092788227,8.00568008,1.51476908,189.5,*,9.084,-2.05,-3.79,0.85,-0.79,-1.64,...,,,,,,CEMP-no,II,Jacobson2015,Jacobson2015
SMSSJ0231-5239,4744966898097944192,02:31:39.4314,-52:39:57.3937,2.646257269,0.193827491,2.82042646,0.28241885,146.1,*,25.539,-12.404,-2.94,0.77,-0.67,-0.27,0.0,,,,,<,CEMP-no,II,Jacobson2015,Jacobson2015
SMSSJ0231-5753,4738641167184881536,02:31:47.9593,-57:53:41.6936,8.380854068,1.340722269,8.60429192,2.757025715,219.2,*,-0.839,0.065,-3.42,1.07,-2.08,-1.63,0.3,,,,,<,CEMP-no,II,Jacobson2015,Jacobson2015
SMSSJ0248-6843,4647065936083474816,02:48:58.414,-68:43:06.4062,3.099169042,0.150505656,3.05869746,0.291071535,-239.2,*,-5.104,-8.605,-3.71,0.91,-0.16,0.59,1.0,,,,,,CEMP-r2,,Jacobson2015,Jacobson2015
SMSSJ0313-6708*,4671418400651900544,03:13:00.3627,-67:08:39.2791,6.574203172,0.700439978,6.64371204,1.82466984,300,*,7.027,1.088,-7.8,5.39,0.9,1.7,4.9,<,,<,<,<,CEMP-no,III,Bessell2015,Bessell2015
SMSSJ0330-6813,4670401077518232960,03:30:05.9007,-68:13:52.4772,5.975559951,0.590428526,5.62301874,1.368450405,-315.2,*,10.31,4.257,-3.44,1.08,-0.21,-0.68,0.62,,,,,<,CEMP-no,II,Jacobson2015,Jacobson2015
SMSSJ0617-6007,5482217241550048384,06:17:25.2991,-60:07:40.5804,6.786157111,0.801546901,6.54172707,1.702113625,-220.2,*,7.462,-1.578,-2.72,0.74,-0.4,-0.35,0.1,,,,,,CEMP-no,II,Jacobson2015,Jacobson2015
SMSSJ0634-6223,5477486455332911488,06:34:47.1513,-62:23:54.982,8.064431486,0.989920729,7.69798183,1.960857395,-239.7,*,1.153,1.392,-3.41,0.83,-0.56,0.41,0.89,,,,,,CEMP-r1,,Jacobson2015,Jacobson2015
SMSSJ0702-6004,5479636756480272640,07:02:57.9475,-60:04:22.3814,5.925497563,0.591774283,5.47545195,1.075559375,-108.6,*,-0.46,-3.458,-2.62,0.87,-0.02,-0.31,0.05,,,,,<,CEMP-no,II,Jacobson2015,Jacobson2015
SMSSJ1232-0545,3679882078898432256,12:32:46.059,-05:45:59.0856,10.90078853,3.608449002,7.96807623,2.425555945,-343.6,*,-5.748,-0.526,-3.03,0.78,-0.64,-0.51,0.3,,,,,<,CEMP-no,II,Jacobson2015,Jacobson2015
SMSSJ1258-3350,6156127709422808320,12:58:04.648,-33:50:45.0081,4.534521472,0.812174737,4.87379551,1.05930543,-206.5,*,-23.413,-6.855,-3.44,0.71,-0.58,-1.02,0.62,,,,,<,CEMP-no,II,Jacobson2015,Jacobson2015
SMSSJ1435-4203,6103098607217267712,14:35:11.3374,-42:03:26.5228,5.583975093,1.47576933,5.37694502,2.04578805,-76.1,*,-6.186,0.071,-3.15,0.98,0.16,-0.96,-0.07,,,,,<,CEMP-no,II,Jacobson2015,Jacobson2015
SMSSJ1556-1655,6250246214002836608,15:56:28.7386,-16:55:33.4117,3.699320272,0.376023766,3.62766719,0.855400205,-50.1,*,-1.731,-6.131,-2.79,0.8,-0.31,-0.4,0.15,,,,,<,CEMP-no,II,Jacobson2015,Jacobson2015
SMSSJ1604-2931,6040164554518124928,16:04:47.7488,-29:31:46.7053,6.153995275,0.928819191,6.40904713,1.4479208,76,*,-12.657,-3.234,-2.66,0.88,0.27,0.01,0.31,,,,,,CEMP-r1,,Jacobson2015,Jacobson2015
SMSSJ1738-1457,4125223698812069632,17:38:23.3577,-14:57:01.0225,5.704295141,1.358109367,5.85968924,1.240737675,-26.9,43.67219526,-8.215,-9.359,-3.58,1.33,0.02,-0.25,0.09,,,,,<,CEMP-no,II,Jacobson2015,Jacobson2015
SMSSJ1749-4551,5954259504896609536,17:49:22.2586,-45:51:03.823,2.72829357,0.280711812,2.56581855,0.586526395,-105.8,*,-3.557,-2.379,-2.77,0.84,-0.43,-0.29,0.12,,,,,,CEMP-no,II,Jacobson2015,Jacobson2015
SMSSJ1749-4554,5954269464897669376,17:49:16.3798,-45:54:27.5151,6.040325027,0.99208779,6.43558645,1.59257007,-17.1,*,0.356,-8.784,-2.51,1.05,0.0,0.06,0.42,,,,,,CEMP-r1,,Jacobson2015,Jacobson2015
SMSSJ1848-3059,6737084154322454784,18:48:25.2883,-30:59:29.7084,13.2240947,6.764069802,7.12501144,1.694351675,110.2,*,1.371,-3.746,-3.65,0.97,-1.52,-1.58,0.28,,,,,<,CEMP-no,II,Jacobson2015,Jacobson2015
SMSSJ1905-2149,4081595661509060352,19:05:49.3278,-21:49:45.0369,2.666280577,0.200410569,3.02280307,0.2806772,130.1,*,-1.968,-1.342,-3.11,0.71,-0.43,-1.06,0.24,,,,,<,CEMP-no,II,Jacobson2015,Jacobson2015
SMSSJ2258-2654,6610033116122218752,22:58:51.249,-26:54:34.9091,7.415860086,1.507487498,7.17568016,2.02934313,141.5,*,1.238,-1.966,-3.49,1.09,-0.46,-1.13,0.67,,,,,<,CEMP-no,II,Jacobson2015,Jacobson2015
